0,-145.739
0.004,0.391
0.008,0.391
0.012,0.391
0.016,0.391
0.02,1.172
0.023,0.781
0.027,-1.563
0.031,-1.172
0.035,3.126
0.039,4.298
0.043,3.907
0.047,2.344
0.051,-3.907
0.055,-1.563
0.059,3.907
0.062,9.377
0.066,11.331
0.07,5.079
0.074,1.172
0.078,4.689
0.082,11.331
0.086,12.894
0.09,16.02
0.094,21.88
0.098,22.662
0.102,19.145
0.105,14.847
0.109,11.331
0.113,1.954
0.117,-5.861
0.121,-0.781
0.125,0.391
0.129,-6.642
0.133,-8.205
0.137,-14.066
0.141,-24.615
0.145,-25.397
0.148,-19.536
0.152,-18.364
0.156,-25.006
0.16,-24.225
0.164,-34.774
0.168,-44.933
0.172,-45.324
0.176,-39.463
0.18,-35.946
0.184,-33.211
0.188,-30.867
0.191,-30.085
0.195,-31.258
0.199,-30.867
0.203,-32.43
0.207,-32.43
0.211,-23.834
0.215,-6.642
0.219,8.205
0.223,10.549
0.227,9.377
0.23,9.768
0.234,7.424
0.238,15.629
0.242,24.225
0.246,18.755
0.25,7.033
0.254,7.424
0.258,4.689
0.262,2.735
0.266,7.033
0.27,1.172
0.273,-4.298
0.277,-1.563
0.281,3.516
0.285,1.954
0.289,-1.172
0.293,1.563
0.297,4.689
0.301,9.377
0.305,14.847
0.309,21.49
0.312,23.834
0.316,26.178
0.32,32.821
0.324,33.993
0.328,33.211
0.332,31.648
0.336,29.304
0.34,25.006
0.344,22.662
0.348,26.178
0.352,22.271
0.355,22.662
0.359,31.258
0.363,38.291
0.367,42.979
0.371,47.668
0.375,51.184
0.379,50.012
0.383,49.621
0.387,50.012
0.391,46.496
0.395,41.416
0.398,43.761
0.402,41.026
0.406,37.9
0.41,42.979
0.414,38.291
0.418,34.774
0.422,40.244
0.426,51.184
0.43,56.264
0.434,60.952
0.438,60.562
0.441,57.827
0.445,56.264
0.449,57.045
0.453,54.701
0.457,55.482
0.461,57.827
0.465,60.952
0.469,59.78
0.473,56.264
0.477,50.403
0.48,50.012
0.484,48.449
0.488,50.012
0.492,53.529
0.496,59.389
0.5,61.734
0.504,62.125
0.508,63.687
0.512,64.86
0.516,62.125
0.52,62.906
0.523,64.86
0.527,61.734
0.531,55.873
0.535,48.059
0.539,38.681
0.543,38.681
0.547,42.979
0.551,47.277
0.555,50.794
0.559,57.436
0.562,59.78
0.566,62.515
0.57,63.297
0.574,61.734
0.578,59.389
0.582,60.952
0.586,64.469
0.59,63.687
0.594,62.906
0.598,59.78
0.602,45.714
0.605,37.118
0.609,39.463
0.613,46.105
0.617,46.496
0.621,51.184
0.625,51.575
0.629,43.37
0.633,37.9
0.637,32.43
0.641,28.523
0.645,26.96
0.648,31.258
0.652,31.258
0.656,25.006
0.66,21.88
0.664,19.145
0.668,14.847
0.672,15.629
0.676,26.178
0.68,30.867
0.684,33.211
0.688,39.463
0.691,41.807
0.695,41.416
0.699,35.556
0.703,32.821
0.707,28.523
0.711,30.476
0.715,37.9
0.719,39.853
0.723,37.509
0.727,36.728
0.73,39.853
0.734,42.589
0.738,51.575
0.742,56.264
0.746,56.654
0.75,49.231
0.754,41.807
0.758,37.509
0.762,40.635
0.766,45.714
0.77,54.31
0.773,62.125
0.777,57.827
0.781,42.198
0.785,30.085
0.789,4.689
0.793,-15.629
0.797,-21.88
0.801,-34.774
0.805,-41.807
0.809,-44.151
0.812,-41.416
0.816,-43.761
0.82,-46.105
0.824,-51.184
0.828,-60.562
0.832,-68.767
0.836,-70.33
0.84,-72.674
0.844,-72.283
0.848,-69.158
0.852,-75.018
0.855,-76.972
0.859,-69.939
0.863,-59.389
0.867,-55.482
0.871,-47.277
0.875,-46.496
0.879,-53.919
0.883,-59.389
0.887,-60.562
0.891,-60.171
0.895,-52.747
0.898,-48.059
0.902,-44.542
0.906,-43.761
0.91,-44.151
0.914,-41.416
0.918,-35.946
0.922,-28.132
0.926,-22.271
0.93,-18.364
0.934,-25.006
0.938,-32.821
0.941,-32.821
0.945,-29.695
0.949,-22.271
0.953,-14.847
0.957,-11.722
0.961,-6.252
0.965,-6.642
0.969,-11.331
0.973,-14.847
0.977,-18.364
0.98,-15.238
0.984,-12.894
0.988,-8.596
0.992,-5.861
0.996,-8.205
1,-8.596
1.004,-5.47
1.008,2.735
1.012,6.252
1.016,4.689
1.02,5.47
1.023,1.954
1.027,-0.391
1.031,3.907
1.035,-0.781
1.039,-8.596
1.043,-6.252
1.047,-6.252
1.051,-6.642
1.055,-8.205
1.059,-11.331
1.062,-13.675
1.066,-15.629
1.07,-15.629
1.074,-13.284
1.078,-5.079
1.082,0
1.086,-0.781
1.09,-3.907
1.094,-10.159
1.098,-14.847
1.102,-6.252
1.105,11.331
1.109,33.602
1.113,51.575
1.117,58.608
1.121,69.158
1.125,66.422
1.129,67.595
1.133,69.158
1.137,62.125
1.141,59.78
1.145,58.217
1.148,51.966
1.152,37.118
1.156,24.615
1.16,13.675
1.164,1.563
1.168,-3.516
1.172,-5.47
1.176,-3.907
1.18,-4.298
1.184,-7.033
1.188,-4.689
1.191,-1.563
1.195,-4.298
1.199,0
1.203,-1.954
1.207,-6.252
1.211,-3.126
1.215,-1.563
1.219,-6.252
1.223,-11.331
1.227,-19.145
1.23,-23.443
1.234,-26.178
1.238,-19.145
1.242,-10.159
1.246,-4.689
1.25,-0.781
1.254,-2.344
1.258,-6.252
1.262,-8.987
1.266,-14.457
1.27,-16.02
1.273,-16.801
1.277,-16.02
1.281,-16.41
1.285,-20.317
1.289,-26.96
1.293,-30.476
1.297,-26.178
1.301,-22.662
1.305,-19.927
1.309,-17.192
1.312,-17.582
1.316,-20.317
1.32,-21.88
1.324,-22.271
1.328,-22.662
1.332,-23.834
1.336,-22.271
1.34,-24.615
1.344,-24.225
1.348,-28.132
1.352,-38.291
1.355,-46.496
1.359,-43.761
1.363,-36.337
1.367,-32.039
1.371,-22.662
1.375,-19.927
1.379,-17.192
1.383,-13.675
1.387,-9.768
1.391,-6.642
1.395,-1.563
1.398,4.689
1.402,1.954
1.406,-1.172
1.41,-4.298
1.414,-10.159
1.418,-9.768
1.422,-8.205
1.426,-1.172
1.43,0.391
1.434,-1.172
1.438,0.781
1.441,2.344
1.445,6.642
1.449,7.814
1.453,7.424
1.457,7.033
1.461,7.424
1.465,10.159
1.469,7.424
1.473,6.642
1.477,8.205
1.48,8.205
1.484,10.94
1.488,17.973
1.492,26.569
1.496,39.463
1.5,46.886
1.504,51.966
1.508,56.264
1.512,57.827
1.516,66.813
1.52,84.005
1.523,100.806
1.527,114.872
1.531,128.547
1.535,132.454
1.539,128.938
1.543,139.487
1.547,147.692
1.551,154.725
1.555,158.242
1.559,164.884
1.562,164.103
1.566,159.023
1.57,160.586
1.574,158.632
1.578,152.381
1.582,146.129
1.586,136.752
1.59,115.653
1.594,98.071
1.598,86.74
1.602,63.687
1.605,53.919
1.609,51.966
1.613,50.794
1.617,46.105
1.621,42.979
1.625,39.463
1.629,32.821
1.633,25.788
1.637,18.364
1.641,12.503
1.645,6.252
1.648,3.126
1.652,1.563
1.656,-4.689
1.66,-9.768
1.664,-14.457
1.668,-17.582
1.672,-19.536
1.676,-12.894
1.68,-9.377
1.684,-12.894
1.688,-12.503
1.691,-9.768
1.695,-13.675
1.699,-17.192
1.703,-19.145
1.707,-22.271
1.711,-21.49
1.715,-19.145
1.719,-22.662
1.723,-28.132
1.727,-34.383
1.73,-32.821
1.734,-32.821
1.738,-29.304
1.742,-22.662
1.746,-23.443
1.75,-25.006
1.754,-22.662
1.758,-21.099
1.762,-20.708
1.766,-17.973
1.77,-17.973
1.773,-16.02
1.777,-13.675
1.781,-13.284
1.785,-19.145
1.789,-35.946
1.793,-35.165
1.797,-30.867
1.801,-30.867
1.805,-32.43
1.809,-33.993
1.812,-46.886
1.816,-39.072
1.82,-11.331
1.824,7.424
1.828,28.913
1.832,47.277
1.836,55.873
1.84,66.422
1.844,75.409
1.848,76.19
1.852,76.581
1.855,95.336
1.859,107.057
1.863,112.137
1.867,116.435
1.871,109.792
1.875,103.932
1.879,102.759
1.883,95.336
1.887,70.72
1.891,70.33
1.895,85.958
1.898,88.303
1.902,79.316
1.906,62.515
1.91,33.211
1.914,-5.079
1.918,-16.801
1.922,-25.006
1.926,-32.43
1.93,-17.973
1.934,-9.377
1.938,-21.88
1.941,-3.907
1.945,-0.781
1.949,-14.066
1.953,-42.979
1.957,-44.933
1.961,-41.416
1.965,-34.383
1.969,-21.49
1.973,-37.509
1.977,-70.72
1.98,-69.939
1.984,-48.84
1.988,-29.695
1.992,8.987
1.996,-0.781
2,-36.337
2.004,-41.026
2.008,-55.092
2.012,-33.211
2.016,-7.424
2.02,-7.033
2.023,-35.946
2.027,-41.807
2.031,-33.602
2.035,-24.615
2.039,-16.02
2.043,-9.768
2.047,-7.814
2.051,-19.927
2.055,-27.35
2.059,-41.807
2.062,-53.138
2.066,-48.059
2.07,-55.873
2.074,-41.807
2.078,-52.747
2.082,-35.556
2.086,22.271
2.09,27.35
2.094,12.112
2.098,17.582
2.102,-34.383
2.105,-24.225
2.109,58.999
2.113,119.56
2.117,123.468
2.121,94.554
2.125,99.243
2.129,87.131
2.133,155.897
2.137,191.453
2.141,198.877
2.145,166.056
2.148,103.932
2.152,74.628
2.156,99.243
2.16,101.197
2.164,81.27
2.168,84.005
2.172,37.509
2.176,-10.94
2.18,-25.788
2.184,-2.735
2.188,20.317
2.191,48.84
2.195,76.19
2.199,43.761
2.203,23.443
2.207,3.126
2.211,-8.205
2.215,-4.298
2.219,10.549
2.223,2.344
2.227,-13.675
2.23,24.225
2.234,-9.768
2.238,-57.045
2.242,14.847
2.246,12.112
2.25,-39.072
2.254,-51.575
2.258,-137.924
2.262,-159.805
2.266,-67.595
2.27,-17.192
2.273,-30.867
2.277,-38.681
2.281,-66.422
2.285,-118.779
2.289,-80.879
2.293,-39.853
2.297,-58.608
2.301,-69.158
2.305,-43.37
2.309,-48.059
2.312,-44.151
2.316,-44.542
2.32,-91.429
2.324,-88.694
2.328,-105.104
2.332,-70.33
2.336,-16.02
2.34,-9.377
2.344,18.755
2.348,-14.457
2.352,-63.687
2.355,-49.621
2.359,-30.476
2.363,-18.755
2.367,25.006
2.371,31.258
2.375,-10.159
2.379,-29.304
2.383,-43.761
2.387,-36.728
2.391,-9.768
2.395,41.026
2.398,54.701
2.402,36.337
2.406,21.49
2.41,-25.006
2.414,-44.933
2.418,-29.695
2.422,-43.761
2.426,-7.814
2.43,20.317
2.434,30.867
2.438,64.469
2.441,71.502
2.445,48.449
2.449,22.662
2.453,6.642
2.457,-33.993
2.461,-47.277
2.465,-29.695
2.469,-65.25
2.473,-41.807
2.477,-33.993
2.48,-3.126
2.484,45.714
2.488,88.694
2.492,77.363
2.496,18.755
2.5,-31.258
2.504,-75.018
2.508,-52.747
2.512,20.708
2.516,73.846
2.52,89.084
2.523,79.316
2.527,46.105
2.531,29.304
2.535,-3.126
2.539,-45.324
2.543,-64.078
2.547,-64.469
2.551,-35.946
2.555,9.377
2.559,40.635
2.562,15.629
2.566,12.894
2.57,8.205
2.574,1.172
2.578,-1.172
2.582,-8.987
2.586,29.304
2.59,16.41
2.594,32.821
2.598,40.244
2.602,-1.563
2.605,-28.523
2.609,-13.284
2.613,24.225
2.617,36.728
2.621,57.436
2.625,27.741
2.629,-3.516
2.633,0
2.637,0
2.641,12.894
2.645,12.503
2.648,-0.781
2.652,6.252
2.656,41.807
2.66,64.86
2.664,38.681
2.668,18.364
2.672,-18.755
2.676,-30.085
2.68,-25.006
2.684,0
2.688,-23.834
2.691,-42.198
2.695,8.205
2.699,48.059
2.703,57.436
2.707,62.515
2.711,60.171
2.715,17.192
2.719,-1.954
2.723,15.629
2.727,-15.629
2.73,-35.946
2.734,-34.383
2.738,-42.589
2.742,-16.02
2.746,4.298
2.75,-16.02
2.754,0.391
2.758,13.675
2.762,8.205
2.766,28.913
2.77,52.747
2.773,29.304
2.777,0
2.781,1.954
2.785,-31.648
2.789,-25.006
2.793,-23.834
2.797,-36.728
2.801,-22.271
2.805,-35.946
2.809,-3.516
2.812,35.946
2.816,43.761
2.82,33.211
2.824,12.112
2.828,-23.443
2.832,-40.635
2.836,-29.304
2.84,-28.132
2.844,14.066
2.848,28.523
2.852,6.642
2.855,1.563
2.859,0.781
2.863,-5.47
2.867,1.172
2.871,14.066
2.875,10.549
2.879,-11.331
2.883,14.457
2.887,51.575
2.891,42.589
2.895,20.708
2.898,23.053
2.902,-13.284
2.906,-17.973
2.91,-5.861
2.914,-15.238
2.918,-1.172
2.922,-18.755
2.926,10.549
2.93,28.913
2.934,13.675
2.938,27.35
2.941,52.747
2.945,22.662
2.949,8.596
2.953,17.582
2.957,-26.178
2.961,-55.873
2.965,-4.298
2.969,26.96
2.973,61.343
2.977,90.256
2.98,95.726
2.984,41.026
2.988,2.344
2.992,-27.35
2.996,-61.343
3,-54.31
3.004,23.053
3.008,103.541
3.012,111.746
3.016,128.938
3.02,58.608
3.023,-5.861
3.027,-35.165
3.031,-42.198
3.035,-5.861
3.039,13.284
3.043,51.966
3.047,73.455
3.051,68.376
3.055,44.151
3.059,14.457
3.062,-24.225
3.066,-23.053
3.07,-32.43
3.074,-1.954
3.078,23.834
3.082,34.774
3.086,39.463
3.09,5.47
3.094,-9.768
3.098,-19.145
3.102,-20.708
3.105,-32.821
3.109,-40.635
3.113,-41.807
3.117,-9.377
3.121,26.178
3.125,85.958
3.129,80.098
3.133,38.681
3.137,25.788
3.141,-10.549
3.145,14.847
3.148,47.277
3.152,13.284
3.156,-3.907
3.16,-19.536
3.164,-25.397
3.168,29.695
3.172,69.548
3.176,34.383
3.18,17.192
3.184,-10.159
3.188,-29.695
3.191,39.463
3.195,77.363
3.199,104.322
3.203,72.674
3.207,27.35
3.211,3.126
3.215,-2.735
3.219,-9.768
3.223,32.821
3.227,53.529
3.23,39.072
3.234,41.026
3.238,46.105
3.242,14.847
3.246,28.913
3.25,40.244
3.254,42.979
3.258,-4.689
3.262,-17.192
3.266,-4.298
3.27,-23.443
3.273,10.94
3.277,29.695
3.281,25.006
3.285,8.987
3.289,14.066
3.293,4.689
3.297,-12.112
3.301,-25.788
3.305,-23.443
3.309,-0.391
3.312,-5.861
3.316,-0.391
3.32,-9.377
3.324,-42.198
3.328,-28.913
3.332,-18.364
3.336,-16.41
3.34,12.503
3.344,19.145
3.348,2.735
3.352,-15.629
3.355,-24.615
3.359,-37.509
3.363,-31.648
3.367,-10.159
3.371,-35.946
3.375,-56.264
3.379,-49.231
3.383,-57.436
3.387,-31.258
3.391,-4.689
3.395,-8.205
3.398,-33.602
3.402,-1.954
3.406,-26.178
3.41,-22.662
3.414,-30.085
3.418,-64.86
3.422,-30.476
3.426,-12.503
3.43,16.02
3.434,39.072
3.438,41.416
3.441,19.927
3.445,-18.755
3.449,-23.834
3.453,-38.291
3.457,-16.801
3.461,10.159
3.465,1.563
3.469,1.563
3.473,-47.277
3.477,-92.21
3.48,-73.846
3.484,-59.389
3.488,-18.755
3.492,39.072
3.496,21.49
3.5,-5.47
3.504,-8.987
3.508,-48.059
3.512,-51.575
3.516,-48.449
3.52,-79.316
3.523,-76.972
3.527,-62.125
3.531,-45.324
3.535,-30.476
3.539,-15.629
3.543,10.94
3.547,12.503
3.551,0.781
3.555,-17.192
3.559,-31.648
3.562,-81.661
3.566,-35.946
3.57,0.391
3.574,-7.033
3.578,31.258
3.582,24.615
3.586,-15.629
3.59,-29.695
3.594,-37.118
3.598,-20.708
3.602,-16.02
3.605,4.298
3.609,12.503
3.613,21.49
3.617,2.735
3.621,-0.391
3.625,-11.722
3.629,-6.642
3.633,-8.596
3.637,-20.708
3.641,-1.563
3.645,-11.722
3.648,20.317
3.652,30.085
3.656,7.033
3.66,-6.642
3.664,-58.608
3.668,-62.906
3.672,1.172
3.676,10.159
3.68,44.542
3.684,83.614
3.688,41.026
3.691,10.94
3.695,-14.066
3.699,-36.337
3.703,-55.092
3.707,-48.059
3.711,3.516
3.715,20.317
3.719,37.509
3.723,55.482
3.727,42.979
3.73,12.503
3.734,15.238
3.738,-10.549
3.742,-28.132
3.746,-33.602
3.75,-56.654
3.754,-8.596
3.758,29.695
3.762,60.952
3.766,71.502
3.77,80.488
3.773,-3.126
3.777,-34.383
3.781,29.304
3.785,0
3.789,13.675
3.793,62.906
3.797,-5.47
3.801,-19.536
3.805,-3.126
3.809,27.35
3.812,50.012
3.816,26.178
3.82,-31.648
3.824,-86.74
3.828,-77.363
3.832,-28.913
3.836,5.079
3.84,11.331
3.844,-25.788
3.848,-74.628
3.852,-26.96
3.855,22.662
3.859,26.569
3.863,19.536
3.867,7.424
3.871,-32.821
3.875,-36.337
3.879,10.549
3.883,8.596
3.887,19.536
3.891,36.337
3.895,5.47
3.898,-18.755
3.902,-19.536
3.906,-19.536
3.91,-24.225
3.914,-33.602
3.918,-47.277
3.922,-43.37
3.926,-7.033
3.93,12.503
3.934,1.954
3.938,0.391
3.941,-16.41
3.945,-19.536
3.949,-14.457
3.953,-26.569
3.957,-38.681
3.961,12.112
3.965,37.118
3.969,6.642
3.973,-18.364
3.977,-52.747
3.98,-114.481
3.984,-59.389
3.988,8.596
3.992,-34.383
3.996,37.509
4,1.563
4.004,-27.741
4.008,28.523
4.012,24.615
4.016,4.689
4.02,-23.443
4.023,-25.788
4.027,-51.184
4.031,-22.271
4.035,14.457
4.039,17.582
4.043,-6.252
4.047,0.391
4.051,0.391
4.055,-7.033
4.059,9.377
4.062,29.304
4.066,7.814
4.07,27.741
4.074,24.225
4.078,-12.503
4.082,-8.987
4.086,-28.132
4.09,-65.641
4.094,16.801
4.098,7.033
4.102,0.391
4.105,19.927
4.109,-39.072
4.113,-43.761
4.117,-30.867
4.121,-4.689
4.125,32.43
4.129,43.761
4.133,33.993
4.137,24.615
4.141,1.954
4.145,-11.722
4.148,-18.364
4.152,-45.714
4.156,-31.648
4.16,-8.987
4.164,45.714
4.168,41.416
4.172,60.952
4.176,53.919
4.18,28.913
4.184,20.317
4.188,3.126
4.191,10.549
4.195,-9.768
4.199,-10.549
4.203,-4.689
4.207,-47.668
4.211,-9.377
4.215,-3.516
4.219,29.695
4.223,18.364
4.227,7.033
4.23,-0.391
4.234,-39.072
4.238,30.085
4.242,37.509
4.246,52.357
4.25,48.059
4.254,-35.946
4.258,-5.079
4.262,-18.364
4.266,-11.331
4.27,39.463
4.273,39.853
4.277,36.337
4.281,25.397
4.285,17.192
4.289,-31.258
4.293,-56.264
4.297,-32.43
4.301,-44.151
4.305,2.344
4.309,66.813
4.312,92.991
4.316,76.972
4.32,42.589
4.324,-1.563
4.328,-37.118
4.332,-1.172
4.336,71.893
4.34,71.893
4.344,48.059
4.348,59.78
4.352,15.629
4.355,3.907
4.359,66.032
4.363,45.714
4.367,41.416
4.371,31.648
4.375,17.582
4.379,24.615
4.383,29.695
4.387,45.714
4.391,33.993
4.395,17.973
4.398,3.907
4.402,-1.172
4.406,-40.244
4.41,-4.298
4.414,29.304
4.418,49.621
4.422,65.641
4.426,62.125
4.43,-26.569
4.434,-64.86
4.438,-96.508
4.441,-48.059
4.445,39.463
4.449,35.165
4.453,62.515
4.457,32.039
4.461,1.954
4.465,-16.801
4.469,-16.41
4.473,-15.238
4.477,-19.927
4.48,-17.582
4.484,-17.973
4.488,-47.668
4.492,-45.714
4.496,16.801
4.5,25.397
4.504,2.344
4.508,-10.159
4.512,-46.496
4.516,-62.906
4.52,-20.317
4.523,6.642
4.527,-15.238
4.531,-34.383
4.535,-51.184
4.539,-33.602
4.543,-28.913
4.547,-49.621
4.551,-44.151
4.555,-46.105
4.559,-71.111
4.562,-4.689
4.566,24.225
4.57,-6.642
4.574,9.377
4.578,43.37
4.582,-1.172
4.586,-28.523
4.59,-13.284
4.594,-69.158
4.598,-51.966
4.602,-2.735
4.605,14.457
4.609,-9.768
4.613,25.397
4.617,28.913
4.621,33.993
4.625,49.231
4.629,29.304
4.633,-21.88
4.637,-21.88
4.641,-23.053
4.645,-19.536
4.648,-5.47
4.652,27.35
4.656,11.722
4.66,18.364
4.664,35.946
4.668,6.252
4.672,1.172
4.676,7.424
4.68,-14.457
4.684,-12.112
4.688,-5.861
4.691,-15.238
4.695,14.457
4.699,37.9
4.703,5.861
4.707,0.391
4.711,38.291
4.715,8.987
4.719,-8.596
4.723,-11.331
4.727,-42.979
4.73,-74.628
4.734,-16.801
4.738,-16.41
4.742,-15.629
4.746,4.298
4.75,0.391
4.754,-21.099
4.758,-28.132
4.762,-3.126
4.766,5.47
4.77,1.954
4.773,41.416
4.777,13.675
4.781,-50.403
4.785,-11.722
4.789,9.768
4.793,0.391
4.797,16.41
4.801,55.873
4.805,12.894
4.809,-10.94
4.812,12.112
4.816,0
4.82,23.443
4.824,62.906
4.828,88.303
4.832,88.303
4.836,62.515
4.84,26.96
4.844,-14.457
4.848,-8.987
4.852,-5.079
4.855,6.642
4.859,58.217
4.863,69.939
4.867,67.985
4.871,76.19
4.875,45.324
4.879,31.258
4.883,-0.391
4.887,-26.178
4.891,-33.211
4.895,8.596
4.898,46.105
4.902,42.589
4.906,41.807
4.91,6.252
4.914,-20.317
4.918,10.549
4.922,40.244
4.926,26.96
4.93,35.556
4.934,-3.907
4.938,3.126
4.941,51.575
4.945,0.391
4.949,28.132
4.953,28.523
4.957,1.172
4.961,15.629
4.965,31.258
4.969,17.973
4.973,12.894
4.977,16.02
4.98,12.503
4.984,-12.894
4.988,12.894
4.992,33.993
4.996,37.118
5,47.277
5.004,17.973
5.008,-58.608
5.012,-19.927
5.016,-26.178
5.02,16.02
5.023,89.866
5.027,92.991
5.031,78.535
5.035,36.337
5.039,-8.987
5.043,-35.165
5.047,-3.516
5.051,29.695
5.055,15.629
5.059,15.238
5.062,-9.377
5.066,-43.37
5.07,-11.331
5.074,-11.331
5.078,-21.49
5.082,-7.424
5.086,9.768
5.09,26.178
5.094,35.946
5.098,21.88
5.102,-46.886
5.105,-58.608
5.109,-21.49
5.113,12.503
5.117,25.788
5.121,29.695
5.125,-10.94
5.129,-62.515
5.133,-44.933
5.137,-14.066
5.141,7.033
5.145,33.602
5.148,27.35
5.152,-7.424
5.156,-0.781
5.16,-8.205
5.164,-35.946
5.168,-21.49
5.172,-12.112
5.176,-52.357
5.18,-6.252
5.184,-9.768
5.188,-52.357
5.191,-33.993
5.195,-7.424
5.199,14.457
5.203,14.457
5.207,21.88
5.211,-3.516
5.215,-48.059
5.219,-17.582
5.223,-12.503
5.227,-30.476
5.23,-43.37
5.234,-46.105
5.238,-21.88
5.242,7.814
5.246,37.118
5.25,26.96
5.254,4.689
5.258,-5.079
5.262,-12.503
5.266,-10.94
5.27,-22.662
5.273,-1.954
5.277,-10.94
5.281,-11.722
5.285,-12.894
5.289,-59.78
5.293,-53.919
5.297,-28.913
5.301,-34.383
5.305,-28.523
5.309,-25.006
5.312,-56.264
5.316,-28.913
5.32,2.344
5.324,-14.066
5.328,-18.755
5.332,-59.389
5.336,-33.993
5.34,-9.377
5.344,-10.159
5.348,4.298
5.352,-30.476
5.355,-59.78
5.359,-48.84
5.363,-23.834
5.367,-21.099
5.371,-27.35
5.375,-41.416
5.379,-40.635
5.383,-29.304
5.387,-8.205
5.391,26.178
5.395,18.755
5.398,-8.987
5.402,-7.814
5.406,-15.238
5.41,-14.066
5.414,-3.907
5.418,24.615
5.422,4.689
5.426,4.298
5.43,6.642
5.434,12.894
5.438,-1.563
5.441,1.563
5.445,7.424
5.449,-23.443
5.453,-9.768
5.457,-3.516
5.461,16.02
5.465,16.41
5.469,-1.563
5.473,-2.735
5.477,-4.298
5.48,-15.238
5.484,-1.954
5.488,-4.298
5.492,7.424
5.496,5.079
5.5,10.549
5.504,-1.172
5.508,-1.172
5.512,-15.629
5.516,1.563
5.52,0.391
5.523,-33.993
5.527,-41.807
5.531,-31.258
5.535,-21.88
5.539,-16.41
5.543,0.391
5.547,-39.463
5.551,-63.687
5.555,-55.092
5.559,-57.045
5.562,-48.84
5.566,-51.184
5.57,-51.184
5.574,-41.416
5.578,-32.821
5.582,-14.847
5.586,-14.457
5.59,-28.523
5.594,-39.463
5.598,-32.43
5.602,-31.648
5.605,-44.933
5.609,-54.31
5.613,-58.608
5.617,-74.237
5.621,-80.488
5.625,-51.575
5.629,-37.118
5.633,-46.496
5.637,-38.681
5.641,-29.304
5.645,-60.562
5.648,-37.118
5.652,-28.132
5.656,-33.211
5.66,-37.118
5.664,-79.316
5.668,-72.283
5.672,-44.933
5.676,-19.927
5.68,1.954
5.684,9.377
5.688,-12.503
5.691,-26.569
5.695,-39.072
5.699,-49.231
5.703,-19.145
5.707,-25.397
5.711,-28.913
5.715,-7.033
5.719,-43.761
5.723,-47.668
5.727,-17.192
5.73,-7.033
5.734,-3.907
5.738,-22.271
5.742,-30.476
5.746,-35.165
5.75,-46.105
5.754,-16.801
5.758,10.94
5.762,-18.364
5.766,-20.317
5.77,-19.536
5.773,-42.589
5.777,-20.317
5.781,-27.35
5.785,-28.913
5.789,-21.49
5.793,-15.629
5.797,3.126
5.801,6.642
5.805,39.853
5.809,44.151
5.812,12.894
5.816,-10.94
5.82,-39.072
5.824,-45.324
5.828,-6.252
5.832,23.834
5.836,19.536
5.84,37.118
5.844,21.49
5.848,1.172
5.852,-15.238
5.855,-39.463
5.859,-62.125
5.863,-49.621
5.867,0.391
5.871,2.344
5.875,26.178
5.879,12.894
5.883,-5.079
5.887,-2.735
5.891,12.112
5.895,8.596
5.898,14.457
5.902,-15.238
5.906,-10.94
5.91,16.02
5.914,22.271
5.918,18.364
5.922,30.867
5.926,5.861
5.93,-37.509
5.934,-0.391
5.938,33.602
5.941,14.847
5.945,44.542
5.949,22.271
5.953,-7.033
5.957,-16.02
5.961,-3.126
5.965,26.569
5.969,7.033
5.973,25.397
5.977,55.873
5.98,66.422
5.984,41.026
5.988,9.768
5.992,-27.741
5.996,-68.376
6,-13.284
6.004,12.894
6.008,51.575
6.012,81.27
6.016,54.31
6.02,4.689
6.023,-0.391
6.027,-20.317
6.031,-18.364
6.035,14.457
6.039,31.258
6.043,26.178
6.047,-8.596
6.051,12.112
6.055,9.377
6.059,10.94
6.062,44.151
6.066,-2.344
6.07,-18.364
6.074,-33.602
6.078,-30.476
6.082,-11.331
6.086,12.112
6.09,-34.383
6.094,-38.291
6.098,-23.443
6.102,-67.985
6.105,-10.94
6.109,18.364
6.113,-24.615
6.117,-40.244
6.121,-23.443
6.125,-46.886
6.129,-38.291
6.133,12.503
6.137,37.9
6.141,6.252
6.145,-14.457
6.148,-61.343
6.152,-111.355
6.156,-91.819
6.16,1.563
6.164,46.886
6.168,58.608
6.172,45.714
6.176,-6.252
6.18,-53.919
6.184,-15.629
6.188,33.602
6.191,11.722
6.195,28.913
6.199,3.126
6.203,-32.43
6.207,6.642
6.211,70.72
6.215,43.37
6.219,55.482
6.223,23.443
6.227,-43.37
6.23,-39.853
6.234,0
6.238,40.635
6.242,53.529
6.246,107.448
6.25,41.026
6.254,-18.755
6.258,-36.337
6.262,-44.933
6.266,-25.006
6.27,95.726
6.273,121.514
6.277,98.462
6.281,62.125
6.285,33.993
6.289,-40.244
6.293,-9.768
6.297,18.755
6.301,31.258
6.305,8.205
6.309,15.629
6.312,33.993
6.316,33.602
6.32,46.496
6.324,83.614
6.328,30.085
6.332,16.801
6.336,34.383
6.34,26.96
6.344,56.654
6.348,97.68
6.352,98.071
6.355,62.906
6.359,32.43
6.363,-39.853
6.367,-52.747
6.371,-19.927
6.375,29.695
6.379,57.827
6.383,43.37
6.387,37.509
6.391,19.927
6.395,48.059
6.398,46.496
6.402,9.768
6.406,-47.277
6.41,-32.43
6.414,5.861
6.418,16.41
6.422,44.542
6.426,19.927
6.43,-22.271
6.434,-28.132
6.438,-13.284
6.441,26.178
6.445,43.761
6.449,38.291
6.453,33.211
6.457,-32.039
6.461,-78.926
6.465,-60.171
6.469,-66.032
6.473,-34.774
6.477,54.701
6.48,54.701
6.484,27.741
6.488,-13.675
6.492,-8.596
6.496,-25.006
6.5,1.563
6.504,40.635
6.508,25.006
6.512,30.476
6.516,64.469
6.52,56.264
6.523,24.615
6.527,-2.344
6.531,-51.966
6.535,-20.317
6.539,25.397
6.543,60.562
6.547,62.906
6.551,32.821
6.555,23.443
6.559,4.298
6.562,18.755
6.566,21.099
6.57,15.238
6.574,-2.344
6.578,15.238
6.582,7.424
6.586,1.954
6.59,21.099
6.594,1.563
6.598,14.457
6.602,14.457
6.605,13.675
6.609,7.033
6.613,-21.49
6.617,17.973
6.621,-5.47
6.625,14.066
6.629,33.211
6.633,13.675
6.637,8.596
6.641,7.033
6.645,7.814
6.648,-19.145
6.652,1.563
6.656,-20.708
6.66,-20.317
6.664,1.954
6.668,11.722
6.672,15.238
6.676,13.284
6.68,33.602
6.684,-0.391
6.688,9.768
6.691,-25.788
6.695,-28.523
6.699,-25.006
6.703,9.377
6.707,44.933
6.711,54.31
6.715,45.714
6.719,-7.424
6.723,-0.391
6.727,32.039
6.73,48.059
6.734,41.416
6.738,19.536
6.742,-53.529
6.746,-58.217
6.75,-10.549
6.754,27.35
6.758,41.026
6.762,42.979
6.766,23.443
6.77,7.033
6.773,31.258
6.777,36.337
6.781,40.635
6.785,51.966
6.789,53.529
6.793,77.363
6.797,126.203
6.801,151.99
6.805,173.871
6.809,213.724
6.812,231.697
6.816,238.339
6.82,256.313
6.824,267.643
6.828,270.379
6.832,267.643
6.836,291.868
6.84,287.179
6.844,284.835
6.848,288.742
6.852,273.895
6.855,264.127
6.859,266.081
6.863,270.769
6.867,263.346
6.871,261.001
6.875,258.266
6.879,248.889
6.883,240.293
6.887,242.247
6.891,236.386
6.895,237.167
6.898,239.121
6.902,231.306
6.906,223.101
6.91,218.413
6.914,214.896
6.918,216.85
6.922,226.227
6.926,230.134
6.93,232.088
6.934,230.525
6.938,219.194
6.941,216.85
6.945,220.366
6.949,211.77
6.953,199.658
6.957,187.546
6.961,174.261
6.965,159.414
6.969,166.056
6.973,155.897
6.977,123.858
6.98,100.806
6.984,71.111
6.988,71.502
6.992,69.548
6.996,55.482
7,19.536
7.004,-19.536
7.008,-37.118
7.012,-51.575
7.016,-64.078
7.02,-79.707
7.023,-106.276
7.027,-126.984
7.031,-144.957
7.035,-166.447
7.039,-183.639
7.043,-196.142
7.047,-207.473
7.051,-196.532
7.055,-191.844
7.059,-194.579
7.062,-202.002
7.066,-213.724
7.07,-227.009
7.074,-228.571
7.078,-231.306
7.082,-238.73
7.086,-248.498
7.09,-260.611
7.094,-272.723
7.098,-277.411
7.102,-267.253
7.105,-268.034
7.109,-264.908
7.113,-260.22
7.117,-262.173
7.121,-268.816
7.125,-263.346
7.129,-255.14
7.133,-262.564
7.137,-264.908
7.141,-256.703
7.145,-250.842
7.148,-252.796
7.152,-227.79
7.156,-210.598
7.16,-213.724
7.164,-196.532
7.168,-196.532
7.172,-196.142
7.176,-182.857
7.18,-168.4
7.184,-159.023
7.188,-150.427
7.191,-148.083
7.195,-153.553
7.199,-153.944
7.203,-157.46
7.207,-157.07
7.211,-128.156
7.215,-106.276
7.219,-102.369
7.223,-98.462
7.227,-110.183
7.23,-116.825
7.234,-106.667
7.238,-93.773
7.242,-88.303
7.246,-89.866
7.25,-95.336
7.254,-114.872
7.258,-114.09
7.262,-104.322
7.266,-131.282
7.27,-129.328
7.273,-126.593
7.277,-139.487
7.281,-145.739
7.285,-146.52
7.289,-166.838
7.293,-185.201
7.297,-180.904
7.301,-164.493
7.305,-167.228
7.309,-157.851
7.312,-137.534
7.316,-156.679
7.32,-153.162
7.324,-132.063
7.328,-136.752
7.332,-137.924
7.336,-122.295
7.34,-126.593
7.344,-119.17
7.348,-94.164
7.352,-91.429
7.355,-81.27
7.359,-68.767
7.363,-61.734
7.367,-59.78
7.371,-66.422
7.375,-67.595
7.379,-69.939
7.383,-72.674
7.387,-63.297
7.391,-59.78
7.395,-55.873
7.398,-48.059
7.402,-49.231
7.406,-54.31
7.41,-49.231
7.414,-44.542
7.418,-46.886
7.422,-35.946
7.426,-32.039
7.43,-40.244
7.434,-41.416
7.438,-37.9
7.441,-35.946
7.445,-34.774
7.449,-34.774
7.453,-33.211
7.457,-34.774
7.461,-25.397
7.465,-15.629
7.469,-15.238
7.473,-15.629
7.477,-20.708
7.48,-23.443
7.484,-19.536
7.488,-19.927
7.492,-20.708
7.496,-8.205
7.5,-5.079
7.504,-3.126
7.508,12.894
7.512,12.112
7.516,-5.861
7.52,-17.192
7.523,-18.364
7.527,-20.708
7.531,-12.503
7.535,4.689
7.539,0
7.543,-4.298
7.547,10.159
7.551,7.424
7.555,2.735
7.559,14.847
7.562,15.238
7.566,7.424
7.57,14.847
7.574,24.615
7.578,19.927
7.582,17.192
7.586,10.549
7.59,5.861
7.594,-1.172
7.598,-1.563
7.602,-7.424
7.605,-16.801
7.609,-19.927
7.613,-20.317
7.617,-21.49
7.621,-20.708
7.625,-14.847
7.629,-13.284
7.633,-17.192
7.637,-22.271
7.641,-27.741
7.645,-31.648
7.648,-25.788
7.652,-20.708
7.656,-19.927
7.66,-18.364
7.664,-34.774
7.668,-45.324
7.672,-42.979
7.676,-35.556
7.68,-23.053
7.684,-17.192
7.688,-29.695
7.691,-35.556
7.695,-37.509
7.699,-35.946
7.703,-35.946
7.707,-37.9
7.711,-37.509
7.715,-43.37
7.719,-45.714
7.723,-38.291
7.727,-43.761
7.73,-50.794
7.734,-47.668
7.738,-52.747
7.742,-60.171
7.746,-39.853
7.75,-40.244
7.754,-37.9
7.758,-18.364
7.762,-24.615
7.766,-27.35
7.77,-28.523
7.773,-32.821
7.777,-27.35
7.781,-25.788
7.785,-32.43
7.789,-41.416
7.793,-56.264
7.797,-63.687
7.801,-55.873
7.805,-46.105
7.809,-30.476
7.812,-22.662
7.816,-21.49
7.82,-23.443
7.824,-28.523
7.828,-30.476
7.832,-34.383
7.836,-33.211
7.84,-26.96
7.844,-16.801
7.848,-19.536
7.852,-37.9
7.855,-51.184
7.859,-55.092
7.863,-51.966
7.867,-44.542
7.871,-36.728
7.875,-37.9
7.879,-39.072
7.883,-39.853
7.887,-43.37
7.891,-46.496
7.895,-46.886
7.898,-46.886
7.902,-46.886
7.906,-44.542
7.91,-38.291
7.914,-49.621
7.918,-51.966
7.922,-55.092
7.926,-51.966
7.93,-40.244
7.934,-39.072
7.938,-32.43
7.941,-28.913
7.945,-30.867
7.949,-32.821
7.953,-25.006
7.957,-17.582
7.961,-7.424
7.965,3.907
7.969,-0.391
7.973,-13.675
7.977,-32.43
7.98,-37.509
7.984,-36.728
7.988,-31.648
7.992,-27.741
7.996,-16.801
8,-21.88
8.004,-28.132
8.008,-21.099
8.012,-21.88
8.016,-22.662
8.02,-8.205
8.023,1.954
8.027,-4.689
8.031,-5.079
8.035,-22.271
8.039,-39.853
8.043,-37.118
8.047,-26.96
8.051,-17.973
8.055,-13.284
8.059,-3.907
8.062,-1.954
8.066,-3.907
8.07,0.391
8.074,3.516
8.078,0.391
8.082,5.861
8.086,19.536
8.09,30.476
8.094,37.509
8.098,40.635
8.102,55.092
8.105,60.562
8.109,76.581
8.113,92.21
8.117,81.27
8.121,63.687
8.125,64.86
8.129,67.985
8.133,67.204
8.137,71.893
8.141,72.283
8.145,62.515
8.148,62.906
8.152,65.25
8.156,59.389
8.16,51.184
8.164,35.165
8.168,27.741
8.172,33.602
8.176,41.026
8.18,51.184
8.184,55.873
8.188,33.993
8.191,26.569
8.195,32.821
8.199,28.523
8.203,32.821
8.207,37.9
8.211,31.648
8.215,33.602
8.219,44.933
8.223,36.728
8.227,37.9
8.23,16.801
8.234,10.549
8.238,23.053
8.242,33.211
8.246,48.449
8.25,51.966
8.254,46.886
8.258,46.105
8.262,37.118
8.266,29.304
8.27,28.523
8.273,23.834
8.277,27.741
8.281,29.695
8.285,16.41
8.289,8.596
8.293,11.722
8.297,16.02
8.301,26.178
8.305,36.337
8.309,35.556
8.312,39.072
8.316,46.886
8.32,51.184
8.324,57.045
8.328,55.092
8.332,49.231
8.336,43.761
8.34,46.886
8.344,56.264
8.348,59.78
8.352,63.297
8.355,62.125
8.359,59.389
8.363,60.171
8.367,51.184
8.371,49.621
8.375,52.357
8.379,48.449
8.383,43.761
8.387,38.681
8.391,26.569
8.395,22.662
8.398,28.523
8.402,28.132
8.406,25.006
8.41,25.788
8.414,14.066
8.418,11.722
8.422,13.284
8.426,13.675
8.43,16.41
8.434,10.94
8.438,3.907
8.441,7.424
8.445,11.331
8.449,7.424
8.453,11.722
8.457,19.145
8.461,18.364
8.465,21.099
8.469,21.49
8.473,15.238
8.477,8.596
8.48,5.47
8.484,5.47
8.488,9.768
8.492,15.238
8.496,19.927
8.5,17.973
8.504,14.457
8.508,13.284
8.512,19.927
8.516,28.913
8.52,25.788
8.523,29.695
8.527,20.708
8.531,8.987
8.535,0.391
8.539,-10.159
8.543,-15.238
8.547,-13.284
8.551,-10.94
8.555,-12.503
8.559,-5.079
8.562,-7.424
8.566,-20.708
8.57,-22.271
8.574,-17.582
8.578,-22.662
8.582,-21.49
8.586,-15.238
8.59,-23.053
8.594,-23.443
8.598,-22.662
8.602,-32.039
8.605,-40.244
8.609,-35.165
8.613,-23.443
8.617,-18.364
8.621,-10.549
8.625,-6.252
8.629,-12.894
8.633,-17.582
8.637,-24.615
8.641,-25.397
8.645,-22.271
8.648,-25.788
8.652,-26.569
8.656,-26.178
8.66,-33.602
8.664,-39.853
8.668,-39.463
8.672,-35.946
8.676,-28.132
8.68,-19.927
8.684,-17.973
8.688,-16.801
8.691,-13.675
8.695,-6.252
8.699,-4.689
8.703,-5.079
8.707,-0.781
8.711,0.391
8.715,4.689
8.719,6.642
8.723,-0.781
8.727,-8.596
8.73,-11.331
8.734,-13.284
8.738,-8.205
8.742,6.252
8.746,4.298
8.75,0.391
8.754,-2.344
8.758,-5.47
8.762,-4.689
8.766,-3.126
8.77,-3.516
8.773,-3.126
8.777,-1.172
8.781,-3.907
8.785,-6.252
8.789,-11.722
8.793,-17.973
8.797,-12.894
8.801,1.563
8.805,6.642
8.809,12.894
8.812,20.708
8.816,14.457
8.82,12.503
8.824,16.41
8.828,19.145
8.832,5.861
8.836,1.172
8.84,-3.126
8.844,-2.344
8.848,-5.079
8.852,-8.596
8.855,-5.861
8.859,-6.642
8.863,-3.516
8.867,-3.907
8.871,-5.47
8.875,-9.377
8.879,-9.768
8.883,-9.768
8.887,-9.768
8.891,-10.94
8.895,-7.424
8.898,-3.907
8.902,-5.47
8.906,-3.907
8.91,-5.861
8.914,-10.94
8.918,-14.457
8.922,-11.722
8.926,-3.126
8.93,3.126
8.934,5.079
8.938,4.298
8.941,1.563
8.945,-0.391
8.949,-3.126
8.953,-5.47
8.957,-3.907
8.961,-3.516
8.965,-1.172
8.969,3.516
8.973,0.781
8.977,-3.516
8.98,-2.735
8.984,0
8.988,3.126
8.992,10.159
8.996,10.159
9,-3.907
9.004,-11.331
9.008,-5.47
9.012,-2.344
9.016,-2.344
9.02,0.391
9.023,-1.954
9.027,-4.298
9.031,-3.516
9.035,-2.735
9.039,-11.331
9.043,-16.41
9.047,-16.801
9.051,-14.066
9.055,-12.503
9.059,-8.205
9.062,-1.954
9.066,-1.172
9.07,0.391
9.074,3.516
9.078,7.033
9.082,10.159
9.086,12.894
9.09,15.629
9.094,15.629
9.098,12.503
9.102,4.689
9.105,5.079
9.109,7.814
9.113,11.722
9.117,14.457
9.121,15.629
9.125,17.582
9.129,22.662
9.133,19.927
9.137,17.973
9.141,21.099
9.145,21.49
9.148,21.49
9.152,24.225
9.156,20.708
9.16,16.02
9.164,11.331
9.168,7.424
9.172,4.298
9.176,10.549
9.18,16.801
9.184,15.629
9.188,19.536
9.191,25.788
9.195,26.96
9.199,21.88
9.203,20.317
9.207,15.238
9.211,11.331
9.215,12.503
9.219,13.284
9.223,11.722
9.227,6.642
9.23,5.47
9.234,6.642
9.238,5.861
9.242,10.549
9.246,14.457
9.25,6.252
9.254,0.781
9.258,3.516
9.262,3.126
9.266,4.298
9.27,9.377
9.273,12.894
9.277,17.192
9.281,21.49
9.285,19.927
9.289,15.238
9.293,12.112
9.297,8.987
9.301,9.377
9.305,13.284
9.309,15.629
9.312,12.894
9.316,7.814
9.32,6.642
9.324,8.205
9.328,13.284
9.332,14.847
9.336,12.894
9.34,5.079
9.344,-1.954
9.348,-7.814
9.352,-11.722
9.355,-10.549
9.359,-0.391
9.363,6.642
9.367,3.126
9.371,3.516
9.375,8.596
9.379,18.364
9.383,23.834
9.387,32.43
9.391,35.946
9.395,24.615
9.398,30.476
9.402,46.886
9.406,71.502
9.41,104.713
9.414,131.282
9.418,152.381
9.422,177.387
9.426,207.863
9.43,238.73
9.434,253.578
9.438,268.816
9.441,289.915
9.445,303.98
9.449,311.795
9.453,328.596
9.457,327.033
9.461,302.418
9.465,313.358
9.469,305.543
9.473,295.385
9.477,304.762
9.48,310.232
9.484,315.311
9.488,326.252
9.492,299.683
9.496,256.703
9.5,178.95
9.504,85.568
9.508,68.767
9.512,76.581
9.516,81.661
9.52,135.189
9.523,133.626
9.527,67.204
9.531,3.907
9.535,-53.138
9.539,-128.156
9.543,-111.746
9.547,-63.297
9.551,-79.707
9.555,-101.978
9.559,-116.825
9.562,-151.99
9.566,-163.321
9.57,-154.335
9.574,-169.182
9.578,-208.645
9.582,-207.863
9.586,-188.718
9.59,-180.904
9.594,-157.851
9.598,-151.99
9.602,-161.758
9.605,-159.805
9.609,-151.99
9.613,-157.07
9.617,-164.884
9.621,-174.261
9.625,-158.632
9.629,-148.474
9.633,-132.063
9.637,-123.077
9.641,-125.421
9.645,-132.063
9.648,-126.593
9.652,-133.626
9.656,-131.673
9.66,-107.839
9.664,-112.527
9.668,-94.945
9.672,-83.614
9.676,-69.548
9.68,-71.893
9.684,-56.264
9.688,-51.575
9.691,-49.621
9.695,-44.151
9.699,-50.012
9.703,-55.482
9.707,-52.747
9.711,-45.324
9.715,-33.993
9.719,-29.695
9.723,-31.258
9.727,-38.681
9.73,-45.714
9.734,-32.821
9.738,-28.523
9.742,-11.331
9.746,6.642
9.75,6.642
9.754,0.391
9.758,0.391
9.762,-7.033
9.766,-21.099
9.77,-9.768
9.773,2.735
9.777,8.987
9.781,16.801
9.785,11.331
9.789,-10.549
9.793,12.112
9.797,20.317
9.801,18.364
9.805,33.211
9.809,21.099
9.812,11.722
9.816,35.946
9.82,48.449
9.824,54.701
9.828,52.357
9.832,46.496
9.836,38.291
9.84,36.728
9.844,35.946
9.848,27.35
9.852,20.317
9.855,6.642
9.859,12.894
9.863,32.039
9.867,31.648
9.871,25.397
9.875,27.35
9.879,24.615
9.883,17.582
9.887,21.49
9.891,8.596
9.895,-0.391
9.898,8.596
9.902,16.801
9.906,29.304
9.91,28.913
9.914,17.973
9.918,4.298
9.922,11.722
9.926,29.304
9.93,29.304
9.934,24.225
9.938,23.053
9.941,23.443
9.945,19.927
9.949,18.755
9.953,14.066
9.957,1.563
9.961,10.94
9.965,29.304
9.969,32.039
9.973,33.993
9.977,29.304
9.98,20.708
9.984,17.973
9.988,20.317
9.992,25.788
9.996,29.304
